bottle,32_64_1_v4bottle-bf73707d87715aa8ad5067eac75a07f7.obj,0.23076923076923073
bowl,32_64_1_v4bowl-d162f269bc5fb7da85df81f999944b5d.obj,0.3076923076923077
mug,32_64_1_v4mug-513c3410e8354e5211c7f3807925346a.obj,0.1846153846153846
bottle,32_64_1_v4bottle-114509277e76e413c8724d5673a063a6.obj,0.23076923076923073
bottle,32_64_1_v4bottle-807ef57d3d9d13eeccf25325b962dc82.obj,0.23076923076923073
mug,32_64_1_v4mug-85d5e7be548357baee0fa456543b8166.obj,0.1846153846153846
can,32_64_1_v4can-9effd38015b7e5ecc34b900bb2492e.obj,0.23076923076923073
mug,32_64_1_v4mug-6c5ec193434326fd6fa82390eb12174f.obj,0.1846153846153846
mug,32_64_1_v4mug-daee5cf285b8d210eeb8d422649e5f2b.obj,0.1846153846153846
camera,32_64_1_v4camera-15e72ce7a8a328d1fd9cfa6c7f5305bc.obj,0.23076923076923073
mug,32_64_1_v4mug-1eaf8db2dd2b710c7d5b1b70ae595e60.obj,0.1846153846153846
bottle,32_64_1_v4bottle-74e5ea1a783a5f5f533775ea6714a372.obj,0.23076923076923073
can,32_64_1_v4can-2eeefdfc9b70b89eeb153e9a37e99fa5.obj,0.23076923076923073
bottle,32_64_1_v4bottle-495dea92a04b43e6be9fabb33de62010.obj,0.23076923076923073
mug,32_64_1_v4mug-642eb7c42ebedabd223d193f5a188983.obj,0.1846153846153846
bottle,32_64_1_v4bottle-681e91bbadebeac529471183b63392dc.obj,0.23076923076923073
camera,32_64_1_v4camera-21f65f53f74f1b58de8982fc28ddacc3.obj,0.23076923076923073
bottle,32_64_1_v4bottle-5e896bc124bc0af9fd590443d27a974e.obj,0.23076923076923073
bowl,32_64_1_v4bowl-45603bffc6a2866b5d1ac0d5489f7d84.obj,0.3076923076923077
bowl,32_64_1_v4bowl-4967063fc3673caa47fe6b02985fbd0.obj,0.3076923076923077
bowl,32_64_1_v4bowl-c6be3b333b1f7ec9d42a2a5a47e9ed5.obj,0.3076923076923077
bottle,32_64_1_v4bottle-95e6a3a1232f97e3d333084c1357713e.obj,0.23076923076923073
can,32_64_1_v4can-dc815e056c71e2ed7c8ed5da8582ce91.obj,0.23076923076923073
bowl,32_64_1_v4bowl-6930c4d2e7e880b2e20e92c5b8147e4a.obj,0.3076923076923077
bottle,32_64_1_v4bottle-a87fc2164d5bb73b9a6e43b878d5b335.obj,0.23076923076923073
bottle,32_64_1_v4bottle-7467b9892496a83fbf8b9d530de7a108.obj,0.23076923076923073
bottle,32_64_1_v4bottle-9ba6291a60113dbfeb6d856318cd1a7e.obj,0.23076923076923073
mug,32_64_1_v4mug-d32cd77c6630b77de47c0353c18d58e.obj,0.1846153846153846
camera,32_64_1_v4camera-a230560372fd55a410ec06105f027b7d.obj,0.23076923076923073
bottle,32_64_1_v4bottle-150108e481b52e41bfeb5b5bfc3dfc3b.obj,0.23076923076923073
camera,32_64_1_v4camera-b42c3da473bb4226dbe4bc54590e1d59.obj,0.23076923076923073
mug,32_64_1_v4mug-ca198dc3f7dc0cacec6338171298c66b.obj,0.1846153846153846
bottle,32_64_1_v4bottle-9a70dd116325eb2df6b14e57dce52ee1.obj,0.23076923076923073
bowl,32_64_1_v4bowl-7d7bdea515818eb844638317e9e4ff18.obj,0.3076923076923077
camera,32_64_1_v4camera-82819e1201d2dc583a3e53900c6cbba.obj,0.23076923076923073
can,32_64_1_v4can-295be2a01cb9f29b716714dd1fd945b7.obj,0.23076923076923073
camera,32_64_1_v4camera-a59cbd50ecf38a1be2dc67b821479cc4.obj,0.23076923076923073
bowl,32_64_1_v4bowl-446583d7bf857dced5cb6d178687b980.obj,0.3076923076923077
bottle,32_64_1_v4bottle-a86d587f38569fdf394a7890920ef7fd.obj,0.23076923076923073
bottle,32_64_1_v4bottle-523cddb320608c09a37f3fc191551700.obj,0.23076923076923073
bottle,32_64_1_v4bottle-cb3ff04a607ea9651b22d29e47ec3f2.obj,0.23076923076923073
bottle,32_64_1_v4bottle-15787789482f045d8add95bf56d3d2fa.obj,0.23076923076923073
bowl,32_64_1_v4bowl-aeb7b4bb33fd43a14e23e9314af9ae57.obj,0.3076923076923077
bottle,32_64_1_v4bottle-24feb92770933b1663995fb119e59971.obj,0.23076923076923073
can,32_64_1_v4can-990a058fbb51c655d773a8448a79e14c.obj,0.23076923076923073
camera,32_64_1_v4camera-cd5fd9a2bd6792ad318e2f26ee2da02c.obj,0.23076923076923073
mug,32_64_1_v4mug-37f56901a07da69dac6b8e58caf61f95.obj,0.1846153846153846
mug,32_64_1_v4mug-3c0467f96e26b8c6a93445a1757adf6.obj,0.1846153846153846
mug,32_64_1_v4mug-3d3e993f7baa4d7ef1ff24a8b1564a36.obj,0.1846153846153846
bottle,32_64_1_v4bottle-9f2bb4a157164af19a7c9976093a710d.obj,0.23076923076923073
bowl,32_64_1_v4bowl-6118da3aa071921b664b3b9b23ddfcbc.obj,0.3076923076923077
can,32_64_1_v4can-ac0eafed7aa1719b297d1fadd26a7035.obj,0.23076923076923073
bottle,32_64_1_v4bottle-275b8572dbfabb9d88873c05c27001.obj,0.23076923076923073
bowl,32_64_1_v4bowl-2a1e9b5c0cead676b8183a4a81361b94.obj,0.3076923076923077
mug,32_64_1_v4mug-46ed9dad0440c043d33646b0990bb4a.obj,0.1846153846153846
can,32_64_1_v4can-3a7d8f866de1890bab97e834e9ba876c.obj,0.23076923076923073
mug,32_64_1_v4mug-162201dfe14b73f0281365259d1cf342.obj,0.1846153846153846
bowl,32_64_1_v4bowl-8bb057d18e2fcc4779368d1198f406e7.obj,0.3076923076923077
mug,32_64_1_v4mug-71995893d717598c9de7b195ccfa970.obj,0.1846153846153846
camera,32_64_1_v4camera-5d42d432ec71bfa1d5004b533b242ce6.obj,0.23076923076923073
mug,32_64_1_v4mug-c2eacc521dd65bf7a1c742bb4ffef210.obj,0.1846153846153846
bottle,32_64_1_v4bottle-9f50b2ddbcc2141cfa20324e30e0bf40.obj,0.23076923076923073
bowl,32_64_1_v4bowl-be8a2f8460a963426a6acc5f155f864.obj,0.3076923076923077
bottle,32_64_1_v4bottle-b35081bcc11ff7847b8ec2c9a49686dd.obj,0.23076923076923073
mug,32_64_1_v4mug-c6b24bf0a011b100d536be1f5e11c560.obj,0.1846153846153846
bowl,32_64_1_v4bowl-3f6a6718d729b77bed2eab6efdeec5f8.obj,0.3076923076923077
bottle,32_64_1_v4bottle-be102516d65bcf23ff59f7e635b49cca.obj,0.23076923076923073
bottle,32_64_1_v4bottle-940b9e91a4a32a4130612f5c0ef21eb8.obj,0.23076923076923073
bottle,32_64_1_v4bottle-595e22f425839eac2d4b0854f7611ed6.obj,0.23076923076923073
mug,32_64_1_v4mug-d75af64aa166c24eacbe2257d0988c9c.obj,0.1846153846153846
bowl,32_64_1_v4bowl-c399bfee7f25f0ff95aab58c1db71c10.obj,0.3076923076923077
mug,32_64_1_v4mug-6500ccc65e210b14d829190312080ea3.obj,0.1846153846153846
mug,32_64_1_v4mug-586e67c53f181dc22adf8abaa25e0215.obj,0.1846153846153846
mug,32_64_1_v4mug-bcb6be8f0ff4a51872e526c4f21dfca4.obj,0.1846153846153846
bottle,32_64_1_v4bottle-688eacb56a16702f9a6e43b878d5b335.obj,0.23076923076923073
bowl,32_64_1_v4bowl-11547e8d8f143557525b133235812833.obj,0.3076923076923077
bowl,32_64_1_v4bowl-441cac4bae5c7c315c2a2c970803cfe2.obj,0.3076923076923077
can,32_64_1_v4can-5bd768cde93ec1acabe235874aea9b9b.obj,0.23076923076923073
bottle,32_64_1_v4bottle-ca210c6696357f98e8ec08b84f068b50.obj,0.23076923076923073
can,32_64_1_v4can-203c5e929d588d07c6754428123c8a7b.obj,0.23076923076923073
mug,32_64_1_v4mug-9737c77d3263062b8ca7a0a01bcd55b6.obj,0.1846153846153846
mug,32_64_1_v4mug-91f90c3a50410c0dc27effd6fd6b7eb0.obj,0.1846153846153846
bottle,32_64_1_v4bottle-97179a870ed9f12da452d8ffbbc0126.obj,0.23076923076923073
bowl,32_64_1_v4bowl-260545503087dc5186810055962d0a91.obj,0.3076923076923077
bottle,32_64_1_v4bottle-810e90684c0d4ce5636e3a589cf8c61c.obj,0.23076923076923073
mug,32_64_1_v4mug-27119d9b2167080ec190cb14324769d.obj,0.1846153846153846
bottle,32_64_1_v4bottle-1d4480abe9aa45ce51a99c0e19a8a54.obj,0.23076923076923073
mug,32_64_1_v4mug-bea77759a3e5f9037ae0031c221d81a4.obj,0.1846153846153846
mug,32_64_1_v4mug-43e1cabc5dd2fa91fffc97a61124b1a9.obj,0.1846153846153846
mug,32_64_1_v4mug-187859d3c3a2fd23f54e1b6f41fdd78a.obj,0.1846153846153846
bottle,32_64_1_v4bottle-9edfe64416a9646e30612f5c0ef21eb8.obj,0.23076923076923073
bottle,32_64_1_v4bottle-42f85b0eb5e9fd508f9c4ecc067067e9.obj,0.23076923076923073
bottle,32_64_1_v4bottle-684ff2b770c26616d3dfba73f54d35bb.obj,0.23076923076923073
camera,32_64_1_v4camera-74ebdf5a3cdf33ebc6966f67e1bb9e90.obj,0.23076923076923073
bottle,32_64_1_v4bottle-af853a8c58d2b631992eedbdd14b936d.obj,0.23076923076923073
mug,32_64_1_v4mug-9c930a8a3411f069e7f67f334aa9295c.obj,0.1846153846153846
bottle,32_64_1_v4bottle-b8767b71c2216dcad317c475f024f3b8.obj,0.23076923076923073
bowl,32_64_1_v4bowl-c82e28d7f713f07a5a15f0bff2482ab8.obj,0.3076923076923077
bowl,32_64_1_v4bowl-6816c12cc00a961758463a756b0921b5.obj,0.3076923076923077
bottle,32_64_1_v4bottle-5c1253ae61a16e306871591246ec74dc.obj,0.23076923076923073
bowl,32_64_1_v4bowl-a83b2eb519fbef17e922c0c19528ec07.obj,0.3076923076923077
bowl,32_64_1_v4bowl-aeec00d8dd6e196451a2ad3de1977657.obj,0.3076923076923077
bottle,32_64_1_v4bottle-43ad6585f6b9a64675e1008a71b1c5e9.obj,0.23076923076923073
camera,32_64_1_v4camera-483c387d6886e603314b44839465ec00.obj,0.23076923076923073
mug,32_64_1_v4mug-d38295b8d83e8cdec712af445786fe.obj,0.1846153846153846
mug,32_64_1_v4mug-127944b6dabee1c9e20e92c5b8147e4a.obj,0.1846153846153846
bowl,32_64_1_v4bowl-95ac294f47fd7d87e0b49f27ced29e3.obj,0.3076923076923077
bottle,32_64_1_v4bottle-63d98b2654d8d2a2f9411c52486c6e63.obj,0.23076923076923073
mug,32_64_1_v4mug-6661c0b9b9b8450c4ee002d643e7b29e.obj,0.1846153846153846
bowl,32_64_1_v4bowl-8b90aa9f4418c75452dd9cc5bac31c96.obj,0.3076923076923077
mug,32_64_1_v4mug-275729fcdc9bf1488afafc80c93c27a9.obj,0.1846153846153846
mug,32_64_1_v4mug-c0c130c04edabc657c2b66248f91b3d8.obj,0.1846153846153846
mug,32_64_1_v4mug-159e56c18906830278d8f8c02c47cde0.obj,0.1846153846153846
bowl,32_64_1_v4bowl-5bb12905529c85359d3d767e1bc88d65.obj,0.3076923076923077
bowl,32_64_1_v4bowl-1fbb9f70d081630e638b4be15b07b442.obj,0.3076923076923077
mug,32_64_1_v4mug-4815b8a6406494662a96924bce6ef687.obj,0.1846153846153846
bowl,32_64_1_v4bowl-baa4d6ca9521a55b51d6f7c8e810987e.obj,0.3076923076923077
can,32_64_1_v4can-efa4c58192cc5cf89e7b86262150f.obj,0.23076923076923073
bowl,32_64_1_v4bowl-24907349b2323824664b3b9b23ddfcbc.obj,0.3076923076923077
camera,32_64_1_v4camera-936a458fdb8eb12171dc2053392a6e6f.obj,0.23076923076923073
bottle,32_64_1_v4bottle-6b810dbc89542fd8a531220b48579115.obj,0.23076923076923073
bowl,32_64_1_v4bowl-53f5240e1e82c96e2d20e9f11baa5f8f.obj,0.3076923076923077
bottle,32_64_1_v4bottle-3a6fae97b5fa5cbb3db8babb13da5441.obj,0.23076923076923073
bottle,32_64_1_v4bottle-a95db9f4cb692657a09c6a60c6dc420.obj,0.23076923076923073
camera,32_64_1_v4camera-5334cfe15f80099f15ac67104577aee7.obj,0.23076923076923073
bottle,32_64_1_v4bottle-59763dfe99084f0440ba17ccf542984c.obj,0.23076923076923073
mug,32_64_1_v4mug-57f73714cbc425e44ae022a8f6e258a7.obj,0.1846153846153846
bottle,32_64_1_v4bottle-323705d1a8505cdb498751cf10995c30.obj,0.23076923076923073
mug,32_64_1_v4mug-34ae0b61b0d8aaf2d7b20fded0142d7a.obj,0.1846153846153846
bottle,32_64_1_v4bottle-83620edd3ecbce0de3bf00cc25b4223.obj,0.23076923076923073
bottle,32_64_1_v4bottle-545225eda0e900f6d4a7a4c7d6e9bdc3.obj,0.23076923076923073
bottle,32_64_1_v4bottle-7a82a497bc4d10511d385f351a1d14c5.obj,0.23076923076923073
bottle,32_64_1_v4bottle-368bbfbb2fe08a6b4c5c5c89015f1980.obj,0.23076923076923073
bottle,32_64_1_v4bottle-5a58f9c3966c1248a7c2417f4b260d59.obj,0.23076923076923073
bottle,32_64_1_v4bottle-b00152d19e8f2b87b2d2b5b947dc0b8d.obj,0.23076923076923073
bottle,32_64_1_v4bottle-948e374b08979da230612f5c0ef21eb8.obj,0.23076923076923073
camera,32_64_1_v4camera-9b4953f653bfdd40ea41ceac179ca4d4.obj,0.23076923076923073
bottle,32_64_1_v4bottle-27b9f07da9217c89ef026123226f5519.obj,0.23076923076923073
mug,32_64_1_v4mug-cc5b14ef71e87e9165ba97214ebde03.obj,0.1846153846153846
bottle,32_64_1_v4bottle-726a6ce68bcb4b2d14513156cf2b8d0d.obj,0.23076923076923073
mug,32_64_1_v4mug-4b7888feea81219ab5f4a9188bfa0ef6.obj,0.1846153846153846
bowl,32_64_1_v4bowl-9c7edf31042fea84df95dda4222cd1bf.obj,0.3076923076923077
bowl,32_64_1_v4bowl-18529eba21e4be8b5cc4957a8e7226be.obj,0.3076923076923077
mug,32_64_1_v4mug-896f1d494bac0ebcdec712af445786fe.obj,0.1846153846153846
mug,32_64_1_v4mug-32e197b8118b3ff6a4bd4f46ba404890.obj,0.1846153846153846
mug,32_64_1_v4mug-b9004dcda66abf95b99d2a3bbaea842a.obj,0.1846153846153846
bowl,32_64_1_v4bowl-bed9f618bef8d3e9f6d436d018e2b50f.obj,0.3076923076923077
bottle,32_64_1_v4bottle-cf6843231592b29e2586fa0d0359af6.obj,0.23076923076923073
mug,32_64_1_v4mug-d7ba704184d424dfd56d9106430c3fe.obj,0.1846153846153846
can,32_64_1_v4can-a5bab9546d6a1baa33ff264b2ec3aaa9.obj,0.23076923076923073
bottle,32_64_1_v4bottle-7778c06ab2af1121b4bfcf9b3e6ed915.obj,0.23076923076923073
bottle,32_64_1_v4bottle-26a8d94392d86aa0940806ade53ef2f.obj,0.23076923076923073
mug,32_64_1_v4mug-9d8c711750a73b06ad1d789f3b2120d0.obj,0.1846153846153846
bottle,32_64_1_v4bottle-c4b6121d162a3cb216ae07d515c8c56e.obj,0.23076923076923073
bottle,32_64_1_v4bottle-21239b0cafa13526cafb7c62b057a234.obj,0.23076923076923073
bottle,32_64_1_v4bottle-3d8444d8717cc0b7c18cdaa4851a3c95.obj,0.23076923076923073
bowl,32_64_1_v4bowl-32f9c710e264388e2150a45ec52bcbd7.obj,0.3076923076923077
bottle,32_64_1_v4bottle-6b884893938943f70b5ecdc69e74dca.obj,0.23076923076923073
bottle,32_64_1_v4bottle-9b9a4bb5550f00ea586350d6e78ecc7.obj,0.23076923076923073
camera,32_64_1_v4camera-a3c9dcaada9e04d09061da204e7c463c.obj,0.23076923076923073
bottle,32_64_1_v4bottle-3c6d6ff143483efaebb19cf38af396e6.obj,0.23076923076923073
bottle,32_64_1_v4bottle-77c9a8391c708ae5940806ade53ef2f.obj,0.23076923076923073
bowl,32_64_1_v4bowl-92f04b8d36c98d18221d647283ba1e26.obj,0.3076923076923077
camera,32_64_1_v4camera-2153bc743019671ae60635d9e388f801.obj,0.23076923076923073
mug,32_64_1_v4mug-79e673336e836d1333becb3a9550cbb1.obj,0.1846153846153846
bowl,32_64_1_v4bowl-4845731dbf7522b07492cbf7d8bec255.obj,0.3076923076923077
mug,32_64_1_v4mug-5fe74baba21bba7ca4eec1b19b3a18f8.obj,0.1846153846153846
bottle,32_64_1_v4bottle-2927d6c8438f6e24fe6460d8d9bd16c6.obj,0.23076923076923073
bottle,32_64_1_v4bottle-c82bbd1b1a929c7ce8ed8cf0a077ddf7.obj,0.23076923076923073
bottle,32_64_1_v4bottle-8a0320b2be22e234d0d131ea6d955bf0.obj,0.23076923076923073
mug,32_64_1_v4mug-639a1f7d09d23ea37d70172a29ade99a.obj,0.1846153846153846
bottle,32_64_1_v4bottle-9e274df011a9643c21ec51d5b72ac4e7.obj,0.23076923076923073
mug,32_64_1_v4mug-b811555ccf5ef6c4948fa2daa427fe1f.obj,0.1846153846153846
bottle,32_64_1_v4bottle-3a9516eb02206108e0c8359faeb78bbe.obj,0.23076923076923073
can,32_64_1_v4can-90d40359197c648b23e7e4bd2944793.obj,0.23076923076923073
bowl,32_64_1_v4bowl-538db91266f2829bc0f7e0e05bae6131.obj,0.3076923076923077
bottle,32_64_1_v4bottle-c5032e4be091aabb36fe7a88df793982.obj,0.23076923076923073
bowl,32_64_1_v4bowl-709778e5ebb67e32b396efafc0d0d8ac.obj,0.3076923076923077
bottle,32_64_1_v4bottle-bcbc2c637bed89e4d1b69ad96276e132.obj,0.23076923076923073
can,32_64_1_v4can-10c9a321485711a88051229d056d81db.obj,0.23076923076923073
bottle,32_64_1_v4bottle-8f2b8d281413a8bd5b326e4735ab9003.obj,0.23076923076923073
mug,32_64_1_v4mug-c60f62684618cb52a4136492f17b9a59.obj,0.1846153846153846
bowl,32_64_1_v4bowl-aad3cd6a40a15cb8664b3b9b23ddfcbc.obj,0.3076923076923077
camera,32_64_1_v4camera-58e9faa223142b7fd5af42f3e1f05e3f.obj,0.23076923076923073
bottle,32_64_1_v4bottle-b71afc7791d18eabc573899ac6ab82e4.obj,0.23076923076923073
bowl,32_64_1_v4bowl-8d1f575e9223b28b8183a4a81361b94.obj,0.3076923076923077
mug,32_64_1_v4mug-6dd59cc1130a426571215a0b56898e5e.obj,0.1846153846153846
mug,32_64_1_v4mug-17952a204c0a9f526c69dceb67157a66.obj,0.1846153846153846
bottle,32_64_1_v4bottle-caa8379f21c74f611f058bf0578300.obj,0.23076923076923073
camera,32_64_1_v4camera-235a6dd25c0a6f7b66f19f26ac490096.obj,0.23076923076923073
bowl,32_64_1_v4bowl-879a5c740b25ef5c7a88a2ad67bfd073.obj,0.3076923076923077
bottle,32_64_1_v4bottle-ae52386c7a6e25a1a666d1503f8e34ad.obj,0.23076923076923073
camera,32_64_1_v4camera-a4b0c73d0f12bc75533388d244d29c5c.obj,0.23076923076923073
mug,32_64_1_v4mug-2852b888abae54b0e3523e99fd841f4.obj,0.1846153846153846
bottle,32_64_1_v4bottle-2976131e4621231655bf395569b6fd5.obj,0.23076923076923073
bottle,32_64_1_v4bottle-26e6f23bf6baea05fe5c8ffd0f5eba47.obj,0.23076923076923073
camera,32_64_1_v4camera-4f2a9bf0d8eb00e0a570c6c691c987a8.obj,0.23076923076923073
can,32_64_1_v4can-3c8af6b0aeaf13c2abf4b6b757f4f768.obj,0.23076923076923073
bowl,32_64_1_v4bowl-292d2dda9923752f3e275dc4ab785b9f.obj,0.3076923076923077
mug,32_64_1_v4mug-34869e23f9fdee027528ae0782b54aae.obj,0.1846153846153846
can,32_64_1_v4can-bea7315d4410d0ce83b1cdcee646c9a4.obj,0.23076923076923073
bottle,32_64_1_v4bottle-6444875e3217bf891f5f48a891d827bd.obj,0.23076923076923073
mug,32_64_1_v4mug-a0c78f254b037f88933dc172307a6bb9.obj,0.1846153846153846
bottle,32_64_1_v4bottle-cbc1cbc9cf65e9c2fd1d6016d24cc8d.obj,0.23076923076923073
mug,32_64_1_v4mug-64a9d9f6774973ebc598d38a6a69ad2.obj,0.1846153846153846
can,32_64_1_v4can-3fd196c22459cc66c8687ff9b0b4e4ac.obj,0.23076923076923073
can,32_64_1_v4can-7b643c8136a720d9db4a36333be9155.obj,0.23076923076923073
mug,32_64_1_v4mug-9961ccbafd59cb03fe36eb2ab5fa00e0.obj,0.1846153846153846
mug,32_64_1_v4mug-649a51c711dc7f3b32e150233fdd42e9.obj,0.1846153846153846
mug,32_64_1_v4mug-336122c3105440d193e42e2720468bf0.obj,0.1846153846153846
camera,32_64_1_v4camera-550aea46c75351a387cfe978d99ba05d.obj,0.23076923076923073
bottle,32_64_1_v4bottle-7980922e83b5461febe67d9b32c3ddf8.obj,0.23076923076923073
bowl,32_64_1_v4bowl-ae5c7d8a453d3ef736b0f2a1430e993a.obj,0.3076923076923077
camera,32_64_1_v4camera-6d036fd1c70e5a5849493d905c02fa86.obj,0.23076923076923073
bottle,32_64_1_v4bottle-8d27a39b1a33dcf9660045a6e369fc9f.obj,0.23076923076923073
bottle,32_64_1_v4bottle-898101350771ff942ae40d06128938a1.obj,0.23076923076923073
camera,32_64_1_v4camera-317a7ea24e661ce3bfc146552c7aa5d2.obj,0.23076923076923073
mug,32_64_1_v4mug-62684ad0321b35189a3501eead248b52.obj,0.1846153846153846
mug,32_64_1_v4mug-b7841572364fd9ce1249ffc39a0c3c0b.obj,0.1846153846153846
camera,32_64_1_v4camera-60923e8a6c785a8755a834a7aafb0236.obj,0.23076923076923073
bowl,32_64_1_v4bowl-4bf56e6a081c2a85a11f6bacf5c7662d.obj,0.3076923076923077
bottle,32_64_1_v4bottle-cc48fe97a95e8716ccaa5ad584801c3e.obj,0.23076923076923073
bowl,32_64_1_v4bowl-ad8a50aa5894bc40c762eb31f1f0c676.obj,0.3076923076923077
bottle,32_64_1_v4bottle-3f6d549265532efa2faef6cbf71ebacc.obj,0.23076923076923073
bottle,32_64_1_v4bottle-57b186ba25a680584289430f919c490c.obj,0.23076923076923073
bottle,32_64_1_v4bottle-158634b1d7d010eeebe67d9b32c3ddf8.obj,0.23076923076923073
bottle,32_64_1_v4bottle-134c723696216addedee8d59893c8633.obj,0.23076923076923073
bottle,32_64_1_v4bottle-738d7eb5c8800842f8060bac8721179.obj,0.23076923076923073
bottle,32_64_1_v4bottle-738033cec99efcf2890766cd24d8fa7b.obj,0.23076923076923073
bowl,32_64_1_v4bowl-a1d26a16a0caa78243f1c519d66bb167.obj,0.3076923076923077
bowl,32_64_1_v4bowl-1a0a2715462499fbf9029695a3277412.obj,0.3076923076923077
mug,32_64_1_v4mug-61c10dccfa8e508e2d66cbf6a91063.obj,0.1846153846153846
mug,32_64_1_v4mug-6e884701bfddd1f71e1138649f4c219.obj,0.1846153846153846
bowl,32_64_1_v4bowl-2cfecc8ce6c7cd1f3497637ec59e0374.obj,0.3076923076923077
can,32_64_1_v4can-3a9041d7aa0b4b9ad9802f6365035049.obj,0.23076923076923073
mug,32_64_1_v4mug-128ecbc10df5b05d96eaf1340564a4de.obj,0.1846153846153846
mug,32_64_1_v4mug-9196f53a0d4be2806ffeedd41ba624d6.obj,0.1846153846153846
camera,32_64_1_v4camera-d9bb9c5a48c3afbfb84553e864d84802.obj,0.23076923076923073
bowl,32_64_1_v4bowl-c1bad5cc2d9050e48aee29ee398d36ed.obj,0.3076923076923077
bowl,32_64_1_v4bowl-a042621b3378bc18a2c59a4d90e63212.obj,0.3076923076923077
bowl,32_64_1_v4bowl-a593e8863200fdb0664b3b9b23ddfcbc.obj,0.3076923076923077
can,32_64_1_v4can-bb487f4b77abbef0a8d976d1bb073663.obj,0.23076923076923073
bottle,32_64_1_v4bottle-20b7adb178ea2c71d8892a9c05c4aa0e.obj,0.23076923076923073
mug,32_64_1_v4mug-8f550770386a6cf82f23d8349a133d2b.obj,0.1846153846153846
mug,32_64_1_v4mug-85a2511c375b5b32f72755048bac3f96.obj,0.1846153846153846
bowl,32_64_1_v4bowl-a1393437aac09108d627bfab5d10d45d.obj,0.3076923076923077
camera,32_64_1_v4camera-6ed69b00b4632b6e07718ee10b83e10.obj,0.23076923076923073
mug,32_64_1_v4mug-2037531c43448c3016329cbc378d2a2.obj,0.1846153846153846
bottle,32_64_1_v4bottle-a429f8eb0c3e6a1e6ea2d79f658bbae7.obj,0.23076923076923073
bottle,32_64_1_v4bottle-d10b549075e8f3812adf8abaa25e0215.obj,0.23076923076923073
bottle,32_64_1_v4bottle-5ad47181a9026fc728cc22dce7529b69.obj,0.23076923076923073
mug,32_64_1_v4mug-8aed972ea2b4a9019c3814eae0b8d399.obj,0.1846153846153846
can,32_64_1_v4can-343287cd508a798d38df439574e01b2.obj,0.23076923076923073
bowl,32_64_1_v4bowl-782aa72e7f14975b39d764edb37837d3.obj,0.3076923076923077
bottle,32_64_1_v4bottle-935b737dca29fbf4ef026123226f5519.obj,0.23076923076923073
mug,32_64_1_v4mug-a6d9f9ae39728831808951ff5fb582ac.obj,0.1846153846153846
can,32_64_1_v4can-a087f6b5ea424ccc785f06f424b9d06.obj,0.23076923076923073
bowl,32_64_1_v4bowl-bec41cc7f631e00b1bf40e92cbe8569f.obj,0.3076923076923077
bowl,32_64_1_v4bowl-3bedfd655c45c6747bc26b16f550876f.obj,0.3076923076923077
bottle,32_64_1_v4bottle-2c5fd15998b6f8b996716aabcb2fff20.obj,0.23076923076923073
bottle,32_64_1_v4bottle-bd28b6cd2fdb691b8d8eca78e5e16d9d.obj,0.23076923076923073
bottle,32_64_1_v4bottle-4301fe10764677dcdf0266d76aa42ba.obj,0.23076923076923073
mug,32_64_1_v4mug-7374ea7fee07f94c86032c4825f3450.obj,0.1846153846153846
mug,32_64_1_v4mug-39361b14ba19303ee42cfae782879837.obj,0.1846153846153846
mug,32_64_1_v4mug-9ff8400080c77feac2ad6fd1941624c3.obj,0.1846153846153846
bowl,32_64_1_v4bowl-5f2ef71aa9b94edbb84959963148f2a2.obj,0.3076923076923077
mug,32_64_1_v4mug-3093367916fb5216823323ed0e090a6f.obj,0.1846153846153846
bottle,32_64_1_v4bottle-3b0e35ff08f09a85f0d11ae402ef940e.obj,0.23076923076923073
bowl,32_64_1_v4bowl-4cf18594e8851a3d3a5e6305a3a7adee.obj,0.3076923076923077
camera,32_64_1_v4camera-e67273eff31fabce656c3a28e34d04c4.obj,0.23076923076923073
bottle,32_64_1_v4bottle-44dae93d7b7701e1eb986aac871fa4e5.obj,0.23076923076923073
bottle,32_64_1_v4bottle-33f6ca7ec9d3f1e6940806ade53ef2f.obj,0.23076923076923073
bowl,32_64_1_v4bowl-454fa7fd637177cf2bea4b6e7618432.obj,0.3076923076923077
can,32_64_1_v4can-b1980d6743b7a98c12a47018402419a2.obj,0.23076923076923073
mug,32_64_1_v4mug-a3cd44bbd3ba5b019a4cbf5d3b79df06.obj,0.1846153846153846
bowl,32_64_1_v4bowl-7ed1eb89d5463580a2c59a4d90e63212.obj,0.3076923076923077
mug,32_64_1_v4mug-52273f4b17505e898ef19a48ac4fcfdf.obj,0.1846153846153846
mug,32_64_1_v4mug-9880097f723c98a9bd8c6965c4665b41.obj,0.1846153846153846
bottle,32_64_1_v4bottle-3b956918a41da89c325e6e8eb2c67fd8.obj,0.23076923076923073
mug,32_64_1_v4mug-1f035aa5fc6da0983ecac81e09b15ea9.obj,0.1846153846153846
mug,32_64_1_v4mug-387b695db51190d3be276203d0b1a33f.obj,0.1846153846153846
bowl,32_64_1_v4bowl-2c1df84ec01cea4e525b133235812833.obj,0.3076923076923077
bottle,32_64_1_v4bottle-7b1fc86844257f8fa54fd40ef3a8dfd0.obj,0.23076923076923073
bowl,32_64_1_v4bowl-7c43116dbe35797aea5000d9d3be7992.obj,0.3076923076923077
mug,32_64_1_v4mug-b88bcf33f25c6cb15b4f129f868dedb.obj,0.1846153846153846
bottle,32_64_1_v4bottle-a02a1255256fbe01c9292f26f73f6538.obj,0.23076923076923073
bowl,32_64_1_v4bowl-a5f42bbfddcadf05eeb8d422649e5f2b.obj,0.3076923076923077
bowl,32_64_1_v4bowl-cda15ee9ad73f9d4661dc36b3dd991aa.obj,0.3076923076923077
camera,32_64_1_v4camera-51176ec8f251800165a1ced01089a2d6.obj,0.23076923076923073
camera,32_64_1_v4camera-97cd28c085e3754f22c69c86438afd28.obj,0.23076923076923073
mug,32_64_1_v4mug-b18bf84bcd457ffbc2868ebdda32b945.obj,0.1846153846153846
bowl,32_64_1_v4bowl-a29f53390194166665c638ab0bc6bc66.obj,0.3076923076923077
bowl,32_64_1_v4bowl-754634abeb7bffc32977b68653eb2e1e.obj,0.3076923076923077
bottle,32_64_1_v4bottle-c6442bba98ad3dcf5e912b2d2934c0b6.obj,0.23076923076923073
bottle,32_64_1_v4bottle-77be452b59bebfd3940806ade53ef2f.obj,0.23076923076923073
mug,32_64_1_v4mug-604fcae9d93201d9d7f470ee20dce9e0.obj,0.1846153846153846
mug,32_64_1_v4mug-24b17537bce40695b3207096ecd79542.obj,0.1846153846153846
camera,32_64_1_v4camera-b92acfcd92408529d863a5ae2bdfd29.obj,0.23076923076923073
can,32_64_1_v4can-6b2c6961ad0891936193d9e76bb15876.obj,0.23076923076923073
can,32_64_1_v4can-af444e72a44e6db153c22afefaf6f2a4.obj,0.23076923076923073
mug,32_64_1_v4mug-8f6c86feaa74698d5c91ee20ade72edc.obj,0.1846153846153846
bowl,32_64_1_v4bowl-ce905d4381d4daf65287b12a83c64b85.obj,0.3076923076923077
bottle,32_64_1_v4bottle-3e7d7a9637e385f2fd1efdcc788bb066.obj,0.23076923076923073
bottle,32_64_1_v4bottle-8458e5a34c67958130f549f12038e49a.obj,0.23076923076923073
camera,32_64_1_v4camera-3175f1c1d0cca3c6901887a0237c0ac2.obj,0.23076923076923073
bottle,32_64_1_v4bottle-8be0066e544e11da664b3b9b23ddfcbc.obj,0.23076923076923073
bowl,32_64_1_v4bowl-429a622eac559887bbe43d356df0e955.obj,0.3076923076923077
bottle,32_64_1_v4bottle-3b26c9021d9e31a7ad8912880b776dcf.obj,0.23076923076923073
bottle,32_64_1_v4bottle-1f1e747bfce16fe0589ac2c115a083f1.obj,0.23076923076923073
camera,32_64_1_v4camera-39419e462f08dcbdc98cccf0d0f53d7.obj,0.23076923076923073
bowl,32_64_1_v4bowl-a0b34a720dd364d9ccdca257be791a55.obj,0.3076923076923077
bottle,32_64_1_v4bottle-3ae3a9b74f96fef28fe15648f042f0d9.obj,0.23076923076923073
bowl,32_64_1_v4bowl-6a772d12b98ab61dc26651d9d35b77ca.obj,0.3076923076923077
can,32_64_1_v4can-85fa7911905e932bf485d100eb31d589.obj,0.23076923076923073
mug,32_64_1_v4mug-645b0e2ef3b95979204df312eabf367f.obj,0.1846153846153846
bowl,32_64_1_v4bowl-cfac22c8ca3339b83ce5cb00b21d9584.obj,0.3076923076923077
bowl,32_64_1_v4bowl-a98b76254bcd32c05481b689f582aa44.obj,0.3076923076923077
bowl,32_64_1_v4bowl-ce48ffb418b99996912a38ce5826ebb8.obj,0.3076923076923077
can,32_64_1_v4can-17ef524ca4e382dd9d2ad28276314523.obj,0.23076923076923073
camera,32_64_1_v4camera-e3dc17dbde3087491a722bdf095986a4.obj,0.23076923076923073
mug,32_64_1_v4mug-6d2657c640e97c4dd4c0c1a5a5d9a6b8.obj,0.1846153846153846
can,32_64_1_v4can-3fd8dae962fa3cc726df885e47f82f16.obj,0.23076923076923073
bottle,32_64_1_v4bottle-6ab0ef1973477031ad5067eac75a07f7.obj,0.23076923076923073
camera,32_64_1_v4camera-5265ff657b9db80cafae29a76344a143.obj,0.23076923076923073
bottle,32_64_1_v4bottle-244894af3ba967ccd957eaf7f4edb205.obj,0.23076923076923073
camera,32_64_1_v4camera-c3e6564fe7c8157ecedd967f62b864ab.obj,0.23076923076923073
can,32_64_1_v4can-baaa4b9538caa7f06e20028ed3cb196e.obj,0.23076923076923073
bottle,32_64_1_v4bottle-365f8a3cf397adf66e71bbd43f7f5d20.obj,0.23076923076923073
bowl,32_64_1_v4bowl-5aad71b5e6cb3967674684c50f1db165.obj,0.3076923076923077
bottle,32_64_1_v4bottle-ab51424e92acace2a1c3f37422b63004.obj,0.23076923076923073
mug,32_64_1_v4mug-9af98540f45411467246665d3d3724c.obj,0.1846153846153846
camera,32_64_1_v4camera-e57aa404a000df88d5d4532c6bb4bd2b.obj,0.23076923076923073
bottle,32_64_1_v4bottle-541c4dc1d1b42978648ed39e926e682f.obj,0.23076923076923073
camera,32_64_1_v4camera-290abe056b205c08240c46d333a693f.obj,0.23076923076923073
bottle,32_64_1_v4bottle-b38eb308649c8c5de7de92adde5735ef.obj,0.23076923076923073
bowl,32_64_1_v4bowl-7995c6a5838e12ed447eea2e92abe28f.obj,0.3076923076923077
camera,32_64_1_v4camera-3d18881b51009a7a8ff43d2d38ae15e1.obj,0.23076923076923073
bowl,32_64_1_v4bowl-381db800b87b5ff88616812464c86290.obj,0.3076923076923077
mug,32_64_1_v4mug-3a7439cfaa9af51faf1af397e14a566d.obj,0.1846153846153846
bottle,32_64_1_v4bottle-546eded3ac7801412389a54fb53b0765.obj,0.23076923076923073
bottle,32_64_1_v4bottle-912a49eeda6cd8c5e3c462ac6e0f506f.obj,0.23076923076923073
bottle,32_64_1_v4bottle-1ffd7113492d375593202bf99dddc268.obj,0.23076923076923073
bottle,32_64_1_v4bottle-412d5f41b5fda0b271dbcf1c4061c69b.obj,0.23076923076923073
bottle,32_64_1_v4bottle-1a7ba1f4c892e2da30711cdbdbc73924.obj,0.23076923076923073
bottle,32_64_1_v4bottle-7bf5bbcff98f3d272561bfd89201eee3.obj,0.23076923076923073
camera,32_64_1_v4camera-cda4fc24b2a602b5b5328fde615e4a0c.obj,0.23076923076923073
mug,32_64_1_v4mug-89bd0dff1b386ebed6b30d74fff98ffd.obj,0.1846153846153846
camera,32_64_1_v4camera-9e91f482b829c4d1e9fff7dfdebc774b.obj,0.23076923076923073
mug,32_64_1_v4mug-5c48d471200d2bf16e8a121e6886e18d.obj,0.1846153846153846
bottle,32_64_1_v4bottle-20c5dff3b09282035b76194468418a0e.obj,0.23076923076923073
bowl,32_64_1_v4bowl-a08af31cb43f1f662d88c45db31bc366.obj,0.3076923076923077
can,32_64_1_v4can-d052c17866cf5cf8387e8ce4aad01a52.obj,0.23076923076923073
mug,32_64_1_v4mug-b46e89995f4f9cc5161e440f04bd2a2.obj,0.1846153846153846
bowl,32_64_1_v4bowl-a0ac0c76dbb4b7685430c0f7a585e679.obj,0.3076923076923077
bottle,32_64_1_v4bottle-77a2242bf4ea8f9fc02fe00a7187a6a9.obj,0.23076923076923073
bottle,32_64_1_v4bottle-81b2ce7d719326c8fd54367fe37b16.obj,0.23076923076923073
bottle,32_64_1_v4bottle-437678d4bc6be981c8724d5673a063a6.obj,0.23076923076923073
bowl,32_64_1_v4bowl-571f294b5ab7e47a5517442d05421cb.obj,0.3076923076923077
bottle,32_64_1_v4bottle-73632ddb4a5684503594b3be653e6bff.obj,0.23076923076923073
bowl,32_64_1_v4bowl-afb6bf20c56e86f3d8fdbcba78c84028.obj,0.3076923076923077
can,32_64_1_v4can-91483776d1930de7515bc9246d80fdcc.obj,0.23076923076923073
bottle,32_64_1_v4bottle-abe557fa1b9d59489c81f0389df0e98a.obj,0.23076923076923073
mug,32_64_1_v4mug-1be6b2c84cdab826c043c2d07bb83fc8.obj,0.1846153846153846
bottle,32_64_1_v4bottle-546111e6869f41aca577e3e5353dd356.obj,0.23076923076923073
bottle,32_64_1_v4bottle-4185c4eb651bd7e03c752b66cc923fdb.obj,0.23076923076923073
bowl,32_64_1_v4bowl-6501113f772fc798db649551c356c6e8.obj,0.3076923076923077
bottle,32_64_1_v4bottle-950d6ca1d2b53ce52f71dfd07ef088cf.obj,0.23076923076923073
bottle,32_64_1_v4bottle-957f897018c8c387b79156a61ad4c01.obj,0.23076923076923073
mug,32_64_1_v4mug-1a97f3c83016abca21d0de04f408950f.obj,0.1846153846153846
bottle,32_64_1_v4bottle-9eccbc942fc8c0011ee059e8e1a2ee9.obj,0.23076923076923073
mug,32_64_1_v4mug-546648204a20b712dfb0e477a80dcc95.obj,0.1846153846153846
bowl,32_64_1_v4bowl-be3c2533130dd3da55f46d55537192b6.obj,0.3076923076923077
can,32_64_1_v4can-788094fbf1a523f768104c9df46104ca.obj,0.23076923076923073
bottle,32_64_1_v4bottle-991d9df5bf2a33a1c9292f26f73f6538.obj,0.23076923076923073
bowl,32_64_1_v4bowl-4fdb0bd89c490108b8c8761d8f1966ba.obj,0.3076923076923077
mug,32_64_1_v4mug-c51b79493419eccdc1584fff35347dc6.obj,0.1846153846153846
mug,32_64_1_v4mug-10c2b3eac377b9084b3c42e318f3affc.obj,0.1846153846153846
bowl,32_64_1_v4bowl-b941ca9770b59c3918a27ff49f2f297f.obj,0.3076923076923077
bottle,32_64_1_v4bottle-3ba7dd61736e7a96270c0e719fe4ed97.obj,0.23076923076923073
bottle,32_64_1_v4bottle-2a9817a43c5b3983bb13793251b29587.obj,0.23076923076923073
bottle,32_64_1_v4bottle-b95559b4f2146b6a823177feb9bf5114.obj,0.23076923076923073
bottle,32_64_1_v4bottle-b742bd7f675191c24ad6a0c67b7f7a5b.obj,0.23076923076923073
bottle,32_64_1_v4bottle-2f4cf418cb91949d38fc23bb1b265fa7.obj,0.23076923076923073
camera,32_64_1_v4camera-97690c4db20227d248e23e2c398d8046.obj,0.23076923076923073
mug,32_64_1_v4mug-7d282cc3cedd40c8b5c4f4801d3aada.obj,0.1846153846153846
bottle,32_64_1_v4bottle-714320da4aafcb4a47be2353d2b2403b.obj,0.23076923076923073
mug,32_64_1_v4mug-d46b98f63a017578ea456f4bbbc96af9.obj,0.1846153846153846
bottle,32_64_1_v4bottle-1349b2169a97a0ff54e1b6f41fdd78a.obj,0.23076923076923073
bowl,32_64_1_v4bowl-b195dbe537993945e4e346ee2650d150.obj,0.3076923076923077
camera,32_64_1_v4camera-a600991b042b2d5492348cc032adf089.obj,0.23076923076923073
can,32_64_1_v4can-38dd2a8d2c984e2b6c1cd53dbc9f7b8e.obj,0.23076923076923073
bottle,32_64_1_v4bottle-9dd18bbd88df283a6b36e3e6a5b248ba.obj,0.23076923076923073
bowl,32_64_1_v4bowl-1b4d7803a3298f8477bdcb8816a3fac9.obj,0.3076923076923077
bottle,32_64_1_v4bottle-883ace957dbb32e7846564a8a219239b.obj,0.23076923076923073
bottle,32_64_1_v4bottle-47ebee26ca51177ac3fdab075b98c5d8.obj,0.23076923076923073
mug,32_64_1_v4mug-c82b9f1b98f044fc15cf6e5ad80f2da.obj,0.1846153846153846
camera,32_64_1_v4camera-b42c73b391e14cb16f05a1f780f1cef.obj,0.23076923076923073
bowl,32_64_1_v4bowl-b69e25e7ab9b829215b14098c484b7c1.obj,0.3076923076923077
camera,32_64_1_v4camera-63c10cfd6f0ce09a241d076ab53023c1.obj,0.23076923076923073
mug,32_64_1_v4mug-345d3e7252156db8d44ee24d6b5498e1.obj,0.1846153846153846
bowl,32_64_1_v4bowl-2e545ccae1cdc69d879b85bd5ada6e71.obj,0.3076923076923077
bottle,32_64_1_v4bottle-2fa757f584a3be31a7ceedb2540a32b0.obj,0.23076923076923073
bottle,32_64_1_v4bottle-7f5db4889a433ce5e7a14f6d159dcd47.obj,0.23076923076923073
bowl,32_64_1_v4bowl-9024177b7ed352f45126f17934e17803.obj,0.3076923076923077
mug,32_64_1_v4mug-43f94ba24d2f075c4d32a65fb7bf4ebc.obj,0.1846153846153846
mug,32_64_1_v4mug-1dd8290a154f4b1534a8988fdcee4fde.obj,0.1846153846153846
bottle,32_64_1_v4bottle-72a9f3c57e40416f8884a069d9619eaf.obj,0.23076923076923073
bottle,32_64_1_v4bottle-62451f0ab130709ef7480cb1ee830fb9.obj,0.23076923076923073
can,32_64_1_v4can-4a6ba57aa2b47dfade1831cbcbd278d4.obj,0.23076923076923073
camera,32_64_1_v4camera-509017601d92a7d1db286a46dfc37518.obj,0.23076923076923073
mug,32_64_1_v4mug-1d18255a04d22794e521eeb8bb14c5b3.obj,0.1846153846153846
bottle,32_64_1_v4bottle-6987e839b802a349a9039b9668d0f11f.obj,0.23076923076923073
mug,32_64_1_v4mug-5310945bb21d74a41fabf3cbd0fc77bc.obj,0.1846153846153846
bottle,32_64_1_v4bottle-b7ffc4d34ffbd449940806ade53ef2f.obj,0.23076923076923073
bottle,32_64_1_v4bottle-d2e7e725aa6b39f0d333084c1357713e.obj,0.23076923076923073
mug,32_64_1_v4mug-b98fa11a567f644344b25d683fe71de.obj,0.1846153846153846
bottle,32_64_1_v4bottle-7446fa250adf49c5e7ef9fff09638f8e.obj,0.23076923076923073
bottle,32_64_1_v4bottle-af3dda1cfe61d0fc9403b0d0536a04af.obj,0.23076923076923073
bowl,32_64_1_v4bowl-9a6cec1cfca7e8b5ebc583f22bd58b85.obj,0.3076923076923077
bottle,32_64_1_v4bottle-c46bfae78beaa4a7988abef1fd117e7.obj,0.23076923076923073
mug,32_64_1_v4mug-9fc96d41ec7a66a6a159545213d74ea.obj,0.1846153846153846
bowl,32_64_1_v4bowl-77301246b265a4d3a538bf55f6b58cef.obj,0.3076923076923077
bottle,32_64_1_v4bottle-40e5d2c6e9e9cbbf5cafd3b1501bc74.obj,0.23076923076923073
bottle,32_64_1_v4bottle-7280a6655ec867d67b79156a61ad4c01.obj,0.23076923076923073
mug,32_64_1_v4mug-7a8ea24474846c5c2f23d8349a133d2b.obj,0.1846153846153846
mug,32_64_1_v4mug-403fb4eb4fc6235adf0c7dbe7f8f4c8e.obj,0.1846153846153846
bottle,32_64_1_v4bottle-cf7a79435eb5b1bdb0be98650cd7fb6f.obj,0.23076923076923073
bottle,32_64_1_v4bottle-908e85e13c6fbde0a1ca08763d503f0e.obj,0.23076923076923073
bowl,32_64_1_v4bowl-a2841256fc6fd90da518b93bb7233de6.obj,0.3076923076923077
mug,32_64_1_v4mug-99eaa69cf6fe8811dec712af445786fe.obj,0.1846153846153846
bottle,32_64_1_v4bottle-331601288075868e342fe691e18bb5fd.obj,0.23076923076923073
can,32_64_1_v4can-28c17225887339bd6193d9e76bb15876.obj,0.23076923076923073
mug,32_64_1_v4mug-8012f52dd0a4d2f718a93a45bf780820.obj,0.1846153846153846
bottle,32_64_1_v4bottle-5cbf1e8f31bae4cd67d1cb27b1ca00d7.obj,0.23076923076923073
bottle,32_64_1_v4bottle-b45d6cadaba5b6a72d20e9f11baa5f8f.obj,0.23076923076923073
mug,32_64_1_v4mug-83827973c79ca7631c9ec1e03e401f54.obj,0.1846153846153846
mug,32_64_1_v4mug-28f1e7bc572a633cb9946438ed40eeb9.obj,0.1846153846153846
bottle,32_64_1_v4bottle-a1bc36109cd382b78340c8802f48c170.obj,0.23076923076923073
mug,32_64_1_v4mug-928a383f79698c3fb6d9bc28c8d8a2c4.obj,0.1846153846153846
bowl,32_64_1_v4bowl-1f910faf81555f8e664b3b9b23ddfcbc.obj,0.3076923076923077
bowl,32_64_1_v4bowl-68582543c4c6d0bccfdfe3f21f42a111.obj,0.3076923076923077
bottle,32_64_1_v4bottle-6821f9cc313dfdebe7ef9fff09638f8e.obj,0.23076923076923073
mug,32_64_1_v4mug-9278005254c8db7e95f577622f465c85.obj,0.1846153846153846
bowl,32_64_1_v4bowl-8d457deaf22394da65c5c31ac688ec4.obj,0.3076923076923077
bottle,32_64_1_v4bottle-c3767df815e0e43e4c3a35cee92bb95b.obj,0.23076923076923073
camera,32_64_1_v4camera-8b4f63046ee3bf99373b92b376321e13.obj,0.23076923076923073
bottle,32_64_1_v4bottle-9a777a5f3701fb6b940806ade53ef2f.obj,0.23076923076923073
can,32_64_1_v4can-7883b684806946276f056d414894e46d.obj,0.23076923076923073
mug,32_64_1_v4mug-35ce7ede92198be2b759f7fb0032e59.obj,0.1846153846153846
bottle,32_64_1_v4bottle-99d595bf3ac08bace13f76b539e1d69a.obj,0.23076923076923073
camera,32_64_1_v4camera-d6721b4ee3d004b8c7e03242f1bf8d19.obj,0.23076923076923073
mug,32_64_1_v4mug-599e604a8265cc0a98765d8aa3638e70.obj,0.1846153846153846
mug,32_64_1_v4mug-c2e411ed6061a25ef06800d5696e457f.obj,0.1846153846153846
can,32_64_1_v4can-297b1ba8efcbb6a86128527957a7bb1.obj,0.23076923076923073
bottle,32_64_1_v4bottle-2a3e0c1cd0e9076cddf5870150a75bc.obj,0.23076923076923073
camera,32_64_1_v4camera-90198c0aaf0156ce764e2db342c0e628.obj,0.23076923076923073
bottle,32_64_1_v4bottle-44dcea00fb1923051a4cb1c0c7bb0654.obj,0.23076923076923073
bottle,32_64_1_v4bottle-aec6aa917d61d1faebe67d9b32c3ddf8.obj,0.23076923076923073
camera,32_64_1_v4camera-c3a410e532cbf900e5a8b3dc188dc518.obj,0.23076923076923073
can,32_64_1_v4can-bf974687b678c66e93fb5c975e8de2b7.obj,0.23076923076923073
mug,32_64_1_v4mug-3d1754b7cb46c0ce5c8081810641ef6.obj,0.1846153846153846
bottle,32_64_1_v4bottle-799397068de1ae1c4587d6a85176d7a0.obj,0.23076923076923073
bowl,32_64_1_v4bowl-47175c7b12bf0b61320b691da6d871fb.obj,0.3076923076923077
bottle,32_64_1_v4bottle-c61edfb672986ee48a9393b5e735dbde.obj,0.23076923076923073
can,32_64_1_v4can-7bd05573c09fb0c2af39ccaab9314b14.obj,0.23076923076923073
bowl,32_64_1_v4bowl-13e879cb517784a63a4b07a265cff347.obj,0.3076923076923077
mug,32_64_1_v4mug-b4ae56d6638d5338de671f28c83d2dcb.obj,0.1846153846153846
can,32_64_1_v4can-ebcbb82d158d68441f4c1c50f6e9b74e.obj,0.23076923076923073
bottle,32_64_1_v4bottle-d297d1b0e4f0c244f61150ce90be197a.obj,0.23076923076923073
camera,32_64_1_v4camera-2693df58698a2ca29c723bc28575d785.obj,0.23076923076923073
bowl,32_64_1_v4bowl-ab2fd38fc4f37cce86bbb74f0f607cdd.obj,0.3076923076923077
bottle,32_64_1_v4bottle-9cec36de93bb49d3f07ead639233915e.obj,0.23076923076923073
mug,32_64_1_v4mug-c6bc2c9770a59b5ddd195661813efe58.obj,0.1846153846153846
can,32_64_1_v4can-129880fda38f3f2ba1ab68e159bfb347.obj,0.23076923076923073
camera,32_64_1_v4camera-46c09085e451de8fc3c192db90697d8c.obj,0.23076923076923073
bowl,32_64_1_v4bowl-4227b58665eadcefc0dc3ed657ab97f0.obj,0.3076923076923077
mug,32_64_1_v4mug-dcec634f18e12427c2c72e575af174cd.obj,0.1846153846153846
mug,32_64_1_v4mug-633379db14d4d2b287dd60af81c93a3c.obj,0.1846153846153846
mug,32_64_1_v4mug-5b0c679eb8a2156c4314179664d18101.obj,0.1846153846153846
bowl,32_64_1_v4bowl-3152c7a0e8ee4356314eed4e88b74a21.obj,0.3076923076923077
bowl,32_64_1_v4bowl-98d3408054ab409fd261c3d31246fed3.obj,0.3076923076923077
camera,32_64_1_v4camera-657a650215e453846f90fff80f29e77d.obj,0.23076923076923073
mug,32_64_1_v4mug-46955fddcc83a50f79b586547e543694.obj,0.1846153846153846
can,32_64_1_v4can-a70947df1f1490c2a81ec39fd9664e9b.obj,0.23076923076923073
bottle,32_64_1_v4bottle-bd6fdeae09b3c00c3ea96ac97db63fa8.obj,0.23076923076923073
bowl,32_64_1_v4bowl-b4c43b75d951401631f299e87625dbae.obj,0.3076923076923077
mug,32_64_1_v4mug-73b8b6456221f4ea20d3c05c08e26f.obj,0.1846153846153846
camera,32_64_1_v4camera-d680d61f934eaa163b211460f022e3d9.obj,0.23076923076923073
mug,32_64_1_v4mug-4b8b10d03552e0891898dfa8eb8eefff.obj,0.1846153846153846
bottle,32_64_1_v4bottle-216adefa94f25d7968a3710932407607.obj,0.23076923076923073
can,32_64_1_v4can-d3e24e7712e1e82dece466fd8a3f2b40.obj,0.23076923076923073
can,32_64_1_v4can-4cc3601af4a09418b459058f42771eff.obj,0.23076923076923073
bottle,32_64_1_v4bottle-9dff3d09b297cdd930612f5c0ef21eb8.obj,0.23076923076923073
bowl,32_64_1_v4bowl-4530e6df2747b643f6415fd62314b5ed.obj,0.3076923076923077
mug,32_64_1_v4mug-8b780e521c906eaf95a4f7ae0be930ac.obj,0.1846153846153846
bowl,32_64_1_v4bowl-188281000adddc9977981b941eb4f5d1.obj,0.3076923076923077
bottle,32_64_1_v4bottle-3999ca6a50ae47c876b38b4cbe0c74b7.obj,0.23076923076923073
camera,32_64_1_v4camera-3019eea689e5d9c1fb045022c5d3b1e2.obj,0.23076923076923073
mug,32_64_1_v4mug-c7ddd93b15e30faae180a52fd2be32.obj,0.1846153846153846
bowl,32_64_1_v4bowl-2d2c419136447fe667964ba700cd97f5.obj,0.3076923076923077
bowl,32_64_1_v4bowl-c8a4719150446e84664b3b9b23ddfcbc.obj,0.3076923076923077
mug,32_64_1_v4mug-c7f8d39c406fee941050b055aafa6fb8.obj,0.1846153846153846
bottle,32_64_1_v4bottle-11fc9827d6b467467d3aa3bae1f7b494.obj,0.23076923076923073
bowl,32_64_1_v4bowl-aa70f5e55fa61d8dac6b8e58caf61f95.obj,0.3076923076923077
bottle,32_64_1_v4bottle-1df41477bce9915e362078f6fc3b29f5.obj,0.23076923076923073
camera,32_64_1_v4camera-4852ee95e7bd8556c60396a717ba6c7e.obj,0.23076923076923073
camera,32_64_1_v4camera-7077395b60bf4aeb3cb44973ec1ffcf8.obj,0.23076923076923073
mug,32_64_1_v4mug-10f6e09036350e92b3f21f1137c3c347.obj,0.1846153846153846
camera,32_64_1_v4camera-1298634053ad50d36d07c55cf995503e.obj,0.23076923076923073
bottle,32_64_1_v4bottle-a00a9d045b69171472dfe26068766359.obj,0.23076923076923073
bottle,32_64_1_v4bottle-56c23ba1699f6294435b5a0263ddd2e2.obj,0.23076923076923073
bottle,32_64_1_v4bottle-8309e710832c07f91082f2ea630bf69e.obj,0.23076923076923073
bottle,32_64_1_v4bottle-1ef68777bfdb7d6ba7a07ee616e34cd7.obj,0.23076923076923073
mug,32_64_1_v4mug-d309d5f8038df4121198791a5b8655c.obj,0.1846153846153846
bowl,32_64_1_v4bowl-d2e1dc9ee02834c71621c7edb823fc53.obj,0.3076923076923077
bottle,32_64_1_v4bottle-32bb26b4d2cd5ee0b3b14ef623ad866a.obj,0.23076923076923073
bottle,32_64_1_v4bottle-22d18e34097ec57a80b49bbcfa357c86.obj,0.23076923076923073
bowl,32_64_1_v4bowl-a73d531b90965199e5f6d587dbc348b5.obj,0.3076923076923077
bottle,32_64_1_v4bottle-ac7e1eed3c4ded7db3010b85c6cbc688.obj,0.23076923076923073
bowl,32_64_1_v4bowl-524eb99c8d45eb01664b3b9b23ddfcbc.obj,0.3076923076923077
bottle,32_64_1_v4bottle-8e20da9c3f63ac2ce902acf138e668e2.obj,0.23076923076923073
can,32_64_1_v4can-97ca02ee1e7b8efb6193d9e76bb15876.obj,0.23076923076923073
bottle,32_64_1_v4bottle-c13219fac28e722edd6a2f6a8ecad52d.obj,0.23076923076923073
bowl,32_64_1_v4bowl-708fce7ba7d911f3d5b5e7c77f0efc2.obj,0.3076923076923077
bottle,32_64_1_v4bottle-347f9f4a04cc00841fba588fa05a3c38.obj,0.23076923076923073
bowl,32_64_1_v4bowl-a95e0d8b37f8ca436a3309b77df3f951.obj,0.3076923076923077
bowl,32_64_1_v4bowl-baeaa576ba746179e8d7df9e0b95a9b2.obj,0.3076923076923077
bowl,32_64_1_v4bowl-3a7737c7bb4a6194f60bf3def77dca62.obj,0.3076923076923077
bottle,32_64_1_v4bottle-91235f7d65aec958ca972daa503b3095.obj,0.23076923076923073
bottle,32_64_1_v4bottle-109d55a137c042f5760315ac3bf2c13e.obj,0.23076923076923073
bottle,32_64_1_v4bottle-cec14f91bf10f86e8291825d073a05e1.obj,0.23076923076923073
bowl,32_64_1_v4bowl-38d2122b2aa05f92e1b9b7b3765e2bea.obj,0.3076923076923077
mug,32_64_1_v4mug-24651c3767aa5089e19f4cee87249aca.obj,0.1846153846153846
mug,32_64_1_v4mug-b6f30c63c946c286cf6897d8875cfd5e.obj,0.1846153846153846
bowl,32_64_1_v4bowl-b65cbede8f483d51f7de4d28691515e1.obj,0.3076923076923077
bottle,32_64_1_v4bottle-a1275bd03ab15100f6dbe3dc17d6cdf7.obj,0.23076923076923073
mug,32_64_1_v4mug-cf777e14ca2c7a19b4aad3cc5ce7ee8.obj,0.1846153846153846
bottle,32_64_1_v4bottle-10dff3c43200a7a7119862dbccbaa609.obj,0.23076923076923073
bowl,32_64_1_v4bowl-b5d81a5bbbb8efe7c785f06f424b9d06.obj,0.3076923076923077
bottle,32_64_1_v4bottle-74690ddde9c0182696c2e7960a15c619.obj,0.23076923076923073
bottle,32_64_1_v4bottle-758fb2cab125eb6b153b368d6f14e275.obj,0.23076923076923073
mug,32_64_1_v4mug-68f4428c0b38ae0e2469963e6d044dfe.obj,0.1846153846153846
bottle,32_64_1_v4bottle-6ebe74793197919e93f2361527e0abe5.obj,0.23076923076923073
camera,32_64_1_v4camera-9726bf2b38d817eab169d2793795b997.obj,0.23076923076923073
bottle,32_64_1_v4bottle-30c6b5511ff09ac33526ea1c3de37e7.obj,0.23076923076923073
mug,32_64_1_v4mug-bed29baf625ce9145b68309557f3a78c.obj,0.1846153846153846
bottle,32_64_1_v4bottle-776502db6e2e680e5e4f0d37557f3953.obj,0.23076923076923073
mug,32_64_1_v4mug-6faf1f04bde838e477f883dde7397db2.obj,0.1846153846153846
bottle,32_64_1_v4bottle-cf0a733f9a63f4f5664b3b9b23ddfcbc.obj,0.23076923076923073
bowl,32_64_1_v4bowl-d28f7a7a8fbc5fc925b5a13384fa548b.obj,0.3076923076923077
camera,32_64_1_v4camera-a8961c59576972cb57682b709eb0ab19.obj,0.23076923076923073
camera,32_64_1_v4camera-1967344f80da29618d342172201b8d8c.obj,0.23076923076923073
bowl,32_64_1_v4bowl-468b9b34d07eb9211c75d484f9069623.obj,0.3076923076923077
bowl,32_64_1_v4bowl-804092c488e7c8e420d3c05c08e26f.obj,0.3076923076923077
camera,32_64_1_v4camera-77096e9094680faf603e5a6a09a35395.obj,0.23076923076923073
bottle,32_64_1_v4bottle-6da7fa9722b2a12d195232a03d04563a.obj,0.23076923076923073
bottle,32_64_1_v4bottle-547ace45594ef71fc867fe00083d17f7.obj,0.23076923076923073
bowl,32_64_1_v4bowl-817221e45b63cef62f74bdafe5239fba.obj,0.3076923076923077
mug,32_64_1_v4mug-962883677a586bd84a60c1a189046dd1.obj,0.1846153846153846
bowl,32_64_1_v4bowl-c0f57c7f98d2581c744a455c7eef0ae5.obj,0.3076923076923077
can,32_64_1_v4can-29bc4b2e86b91d392e06d87a0fadf00.obj,0.23076923076923073
bottle,32_64_1_v4bottle-860c81982a1703d35a7ce4c111af2db.obj,0.23076923076923073
bottle,32_64_1_v4bottle-5561fe6ad83a5000fc0eb7bdb358f874.obj,0.23076923076923073
mug,32_64_1_v4mug-3143a4accdc23349cac584186c95ce9b.obj,0.1846153846153846
camera,32_64_1_v4camera-935fc76352a4d5fd72a90fe1ba02202a.obj,0.23076923076923073
bottle,32_64_1_v4bottle-725c3906071ecad52701ea82a42c662b.obj,0.23076923076923073
bottle,32_64_1_v4bottle-8a23e8ae357fa2b71920da6870de352.obj,0.23076923076923073
mug,32_64_1_v4mug-6c379385bf0a23ffdec712af445786fe.obj,0.1846153846153846
bottle,32_64_1_v4bottle-5566f264a6fa08cd2a68e506fbd6eecf.obj,0.23076923076923073
bowl,32_64_1_v4bowl-3f56833e91054d2518e800f0d88f9019.obj,0.3076923076923077
bottle,32_64_1_v4bottle-621e786d6343d3aa2c96718b14a4add9.obj,0.23076923076923073
bottle,32_64_1_v4bottle-c771267feb7ee16761d12ece735ab44.obj,0.23076923076923073
mug,32_64_1_v4mug-83b41d719ea5af3f4dcd1df0d0a62a93.obj,0.1846153846153846
mug,32_64_1_v4mug-1038e4eac0e18dcce02ae6d2a21d494a.obj,0.1846153846153846
camera,32_64_1_v4camera-c9c9ffd08af8b268b52759c2c2fc0d1e.obj,0.23076923076923073
bottle,32_64_1_v4bottle-640835881dd33a2d30354e87bd14ec69.obj,0.23076923076923073
camera,32_64_1_v4camera-d5624d29159a4cdb7e1c85c5c15da7fb.obj,0.23076923076923073
bottle,32_64_1_v4bottle-d30623112e58b893eee7d6dab02eb061.obj,0.23076923076923073
bottle,32_64_1_v4bottle-c1ebc4254a9f43823c0d2e0152e91b5.obj,0.23076923076923073
mug,32_64_1_v4mug-9426e7aa67c83a4c3b51ab46b2f98f30.obj,0.1846153846153846
mug,32_64_1_v4mug-2997f21fa426e18a6ab1a25d0e8f3590.obj,0.1846153846153846
bowl,32_64_1_v4bowl-a9ba34614bfd8ca9938afc5c0b5b182.obj,0.3076923076923077
camera,32_64_1_v4camera-a9408583f2c4d6acad8a06dbee1d115.obj,0.23076923076923073
mug,32_64_1_v4mug-a1d293f5cc20d01ad7f470ee20dce9e0.obj,0.1846153846153846
mug,32_64_1_v4mug-48e260a614c0fd4434a8988fdcee4fde.obj,0.1846153846153846
bottle,32_64_1_v4bottle-3336ff069b249afcaea6c6fc97ee6184.obj,0.23076923076923073
bottle,32_64_1_v4bottle-634c59bf37676ca64c3a35cee92bb95b.obj,0.23076923076923073
camera,32_64_1_v4camera-6c14c6f6cca53a6710d0920f7087353b.obj,0.23076923076923073
bottle,32_64_1_v4bottle-47ede0c10e36fe309029fc9335eeb05c.obj,0.23076923076923073
can,32_64_1_v4can-91a524cc9c9be4872999f92861cdea7a.obj,0.23076923076923073
bottle,32_64_1_v4bottle-cc399bb619ddddf7c13f8623d10d3404.obj,0.23076923076923073
mug,32_64_1_v4mug-a637500654ca8d16c97cfc3e8a6b1d16.obj,0.1846153846153846
bottle,32_64_1_v4bottle-1d4093ad2dfad9df24be2e4f911ee4af.obj,0.23076923076923073
bottle,32_64_1_v4bottle-3dbd66422997d234b811ffed11682339.obj,0.23076923076923073
bottle,32_64_1_v4bottle-77699e08e3824eab47765668cf4023ed.obj,0.23076923076923073
mug,32_64_1_v4mug-b815d7e084a5a75b8d543d7713b96a41.obj,0.1846153846153846
bottle,32_64_1_v4bottle-5979870763de5ced4c8b72e8da0e65c5.obj,0.23076923076923073
bottle,32_64_1_v4bottle-592f62e338fcac1eb0be98650cd7fb6f.obj,0.23076923076923073
bottle,32_64_1_v4bottle-b35973652d9a526c64848cfde3847b25.obj,0.23076923076923073
can,32_64_1_v4can-56dfb6a30f498643bbf0c65ae96423ae.obj,0.23076923076923073
bottle,32_64_1_v4bottle-4fcb653e7978812d9c3900c9619d4db4.obj,0.23076923076923073
bowl,32_64_1_v4bowl-519f07b4ecb0b82ed82a7d8f544ae151.obj,0.3076923076923077
bottle,32_64_1_v4bottle-7712db835816a52b250241e1ab69b97f.obj,0.23076923076923073
bottle,32_64_1_v4bottle-3f91158956ad7db0322747720d7d37e8.obj,0.23076923076923073
camera,32_64_1_v4camera-b27815a2bde54ad3ab3dfa44f5fab01.obj,0.23076923076923073
bottle,32_64_1_v4bottle-831918158307c1eef4757ae525403621.obj,0.23076923076923073
camera,32_64_1_v4camera-db663e3f7ee9869f5c351e299b24e355.obj,0.23076923076923073
bottle,32_64_1_v4bottle-21dbbd17ae4c3fce6a90f735365ac29e.obj,0.23076923076923073
camera,32_64_1_v4camera-98fc1afc8dec9773b10c2418bc64b141.obj,0.23076923076923073
bottle,32_64_1_v4bottle-1c38ca26c65826804c35e2851444dc2f.obj,0.23076923076923073
bowl,32_64_1_v4bowl-8d75c3c065fa3c7055f46d55537192b6.obj,0.3076923076923077
mug,32_64_1_v4mug-6c04c2eac973936523c841f9d5051936.obj,0.1846153846153846
mug,32_64_1_v4mug-8b1dca1414ba88cb91986c63a4d7a99a.obj,0.1846153846153846
bottle,32_64_1_v4bottle-8a980192662f95b84f42eadbd9a0b820.obj,0.23076923076923073
mug,32_64_1_v4mug-7223820f07fd6b55e453535335057818.obj,0.1846153846153846
bowl,32_64_1_v4bowl-12ddb18397a816c8948bef6886fb4ac.obj,0.3076923076923077
camera,32_64_1_v4camera-c802792f388650428341191174307890.obj,0.23076923076923073
bottle,32_64_1_v4bottle-a1c63c463ad7fc1fb549927fbd0d12d.obj,0.23076923076923073
mug,32_64_1_v4mug-7d6baadd51d0703455da767dfc5b748e.obj,0.1846153846153846
mug,32_64_1_v4mug-92d6394732e6058d4bcbafcc905a9b98.obj,0.1846153846153846
camera,32_64_1_v4camera-17a010f0ade4d1fd83a3e53900c6cbba.obj,0.23076923076923073
bowl,32_64_1_v4bowl-530c2d8f55f9e9e8ce364511e87f52b0.obj,0.3076923076923077
bottle,32_64_1_v4bottle-ab6792cddc7c4c83afbf338b16b43f53.obj,0.23076923076923073
bottle,32_64_1_v4bottle-1e5abf0465d97d826118a17db9de8c0.obj,0.23076923076923073
mug,32_64_1_v4mug-b7e705de46ebdcc14af54ba5738cb1c5.obj,0.1846153846153846
bottle,32_64_1_v4bottle-b6261066a2e8e4212c528d33bca1ac2.obj,0.23076923076923073
bottle,32_64_1_v4bottle-89b12196a1db5a74bb8058680b6b9460.obj,0.23076923076923073
bowl,32_64_1_v4bowl-9a52843cc89cd208362be90aaa182ec6.obj,0.3076923076923077
mug,32_64_1_v4mug-8570d9a8d24cb0acbebd3c0c0c70fb03.obj,0.1846153846153846
mug,32_64_1_v4mug-d0a3fdd33c7e1eb040bc4e38b9ba163e.obj,0.1846153846153846
camera,32_64_1_v4camera-22217d5660444eeeca93934e5f39869.obj,0.23076923076923073
bowl,32_64_1_v4bowl-5b6d840652f0050061d624c546a68fec.obj,0.3076923076923077
bottle,32_64_1_v4bottle-4a1fe3495565001d211b8bef58aae14f.obj,0.23076923076923073
can,32_64_1_v4can-e706cf452c4c124d77335fb90343dc9e.obj,0.23076923076923073
bowl,32_64_1_v4bowl-b007af6eabaa290dd42b9650f19dd425.obj,0.3076923076923077
bottle,32_64_1_v4bottle-33dcf806c673d958f4bdca145ed48dc6.obj,0.23076923076923073
mug,32_64_1_v4mug-44f9c4e1ea3532b8d7b20fded0142d7a.obj,0.1846153846153846
camera,32_64_1_v4camera-4700873107186c6e2203f435e9e6785.obj,0.23076923076923073
mug,32_64_1_v4mug-a8f7a0edd3edc3299e54b4084dc33544.obj,0.1846153846153846
mug,32_64_1_v4mug-54f2d6a0b431839c99785666a0fe0255.obj,0.1846153846153846
bowl,32_64_1_v4bowl-d1addad5931dd337713f2e93cbeac35d.obj,0.3076923076923077
bowl,32_64_1_v4bowl-c25fd49b75c12ef86bbb74f0f607cdd.obj,0.3076923076923077
bottle,32_64_1_v4bottle-d2c9c369376827adf8f0533aaf004c87.obj,0.23076923076923073
mug,32_64_1_v4mug-c39fb75015184c2a0c7f097b1a1f7a5.obj,0.1846153846153846
bowl,32_64_1_v4bowl-5019f979a6a360963a5e6305a3a7adee.obj,0.3076923076923077
bottle,32_64_1_v4bottle-5ca994bd512be485db3bac7ad77ae88e.obj,0.23076923076923073
bottle,32_64_1_v4bottle-af4ff1c4a94383e9ca017e2245ec1dae.obj,0.23076923076923073
mug,32_64_1_v4mug-659192a6ba300f1f4293529704725d98.obj,0.1846153846153846
bottle,32_64_1_v4bottle-22249179e88b0502846564a8a219239b.obj,0.23076923076923073
bottle,32_64_1_v4bottle-8099b9d546231dd27b9c6deef486a7d8.obj,0.23076923076923073
bowl,32_64_1_v4bowl-c2882316451828fd7945873d861da519.obj,0.3076923076923077
bowl,32_64_1_v4bowl-b5d1f064841b476dba5342d638d0c267.obj,0.3076923076923077
bowl,32_64_1_v4bowl-4eefe941048189bdb8046e84ebdc62d2.obj,0.3076923076923077
mug,32_64_1_v4mug-5582a89be131867846ebf4f1147c3f0f.obj,0.1846153846153846
bottle,32_64_1_v4bottle-98f2bdf417a15ceaa5d6dc096343ac63.obj,0.23076923076923073
mug,32_64_1_v4mug-71ca4fc9c8c29fa8d5abaf84513415a2.obj,0.1846153846153846
bottle,32_64_1_v4bottle-9012b03ddb6d9a3dfbe67b89c7bdca4f.obj,0.23076923076923073
bowl,32_64_1_v4bowl-4017528ab5816338664b3b9b23ddfcbc.obj,0.3076923076923077
mug,32_64_1_v4mug-c34718bd10e378186c6c61abcbd83e5a.obj,0.1846153846153846
bowl,32_64_1_v4bowl-5e2c558555092b706e30831c34845769.obj,0.3076923076923077
bowl,32_64_1_v4bowl-34875f8448f98813a2c59a4d90e63212.obj,0.3076923076923077
bottle,32_64_1_v4bottle-9fe7e6a7bf8ca964efad53eb3f0b36fa.obj,0.23076923076923073
bottle,32_64_1_v4bottle-b362273df5596c7e7f095f36ba0999f4.obj,0.23076923076923073
mug,32_64_1_v4mug-214dbcace712e49de195a69ef7c885a4.obj,0.1846153846153846
bowl,32_64_1_v4bowl-960c5c5bff2d3a4bbced73c51e99f8b2.obj,0.3076923076923077
bowl,32_64_1_v4bowl-6494761a8a0461777cba8364368aa1d.obj,0.3076923076923077
bowl,32_64_1_v4bowl-36ca3b684dbb9c159599371049c32d38.obj,0.3076923076923077
mug,32_64_1_v4mug-1305b9266d38eb4d9f818dd0aa1a251.obj,0.1846153846153846
mug,32_64_1_v4mug-15bd6225c209a8e3654b0ce7754570c8.obj,0.1846153846153846
bottle,32_64_1_v4bottle-8adc0ce79962ac2021072d05c97a5e0a.obj,0.23076923076923073
bottle,32_64_1_v4bottle-29b6f9c7ae76847e763c517ce709a8cc.obj,0.23076923076923073
bowl,32_64_1_v4bowl-326c6280eee2bf74257e043ec9630f.obj,0.3076923076923077
can,32_64_1_v4can-70172e6afe6aff7847f90c1ac631b97f.obj,0.23076923076923073
bottle,32_64_1_v4bottle-5470f2c11fd647a7c5af224a021be7c5.obj,0.23076923076923073
mug,32_64_1_v4mug-67b9abb424cf22a22d7082a28b056a5.obj,0.1846153846153846
mug,32_64_1_v4mug-1a1c0a8d4bad82169f0594e65f756cf5.obj,0.1846153846153846
bowl,32_64_1_v4bowl-bbf4b10b538c7d03bcbbc78f3e874841.obj,0.3076923076923077
bottle,32_64_1_v4bottle-6b8b2cb01c376064c8724d5673a063a6.obj,0.23076923076923073
bottle,32_64_1_v4bottle-ca2341f33cd4995dae7fdc0845a47bf5.obj,0.23076923076923073
mug,32_64_1_v4mug-b9f9f5b48ab1153626829c11d9aba173.obj,0.1846153846153846
bottle,32_64_1_v4bottle-d34628eb8992d1f418ae046addd85243.obj,0.23076923076923073
bottle,32_64_1_v4bottle-adace8a468fd575037939c05190e283f.obj,0.23076923076923073
mug,32_64_1_v4mug-bf2b5e941b43d030138af902bc222a59.obj,0.1846153846153846
bottle,32_64_1_v4bottle-63f60daa8d254f445200bdb78a83bb9b.obj,0.23076923076923073
bowl,32_64_1_v4bowl-bb7586ebee0dc2be4e346ee2650d150.obj,0.3076923076923077
bottle,32_64_1_v4bottle-ab3795042c759b6798646029ad91cbbd.obj,0.23076923076923073
mug,32_64_1_v4mug-141f1db25095b16dcfb3760e4293e310.obj,0.1846153846153846
camera,32_64_1_v4camera-9533618250e35304514fae39ba03db5.obj,0.23076923076923073
camera,32_64_1_v4camera-87b8cec4d55b5f2d75d556067d060edf.obj,0.23076923076923073
bottle,32_64_1_v4bottle-532376fe56d3597ac65f62bae01f4803.obj,0.23076923076923073
mug,32_64_1_v4mug-414772162ef70ec29109ad7f9c200d62.obj,0.1846153846153846
bowl,32_64_1_v4bowl-9dcfab1fab6232003bec56bff764ba78.obj,0.3076923076923077
